{
  "config": {
    "abort": {
      "already_configured": "[%key:common::config_flow::abort::already_configured_device%]"
    },
    "step": {
      "user": {
        "data": {
          "host": "Hostname/IP address",
          "username": "[%key:common::config_flow::data::username%]",
          "password": "[%key:common::config_flow::data::password%]"
        },
        "title": "Connect to your IntesisHome Local device"
      }
    },
    "error": {
      "unknown": "[%key:common::config_flow::error::unknown%]",
      "no_devices": "No devices found on this IntesisHome controller.",
      "invalid_auth": "[%key:common::config_flow::error::invalid_auth%]",
      "cannot_connect": "[%key:common::config_flow::error::cannot_connect%]"
    }
  }
}
